2026-06-16	Cloudflare	https://boards-api.greenhouse.io/v1/boards/cloudflare/jobs	(board scan — cloud+unicorns segment)	api_403; no_new (via web search: MLE Intern 7914628 = dedup_194; DS Intern 7914511 = dedup_195; DE Intern 7374706 = no_match_degree (MS req); SWE Intern 7009302/7206269/7296923/7774167 = dedup_005; no new distinct postings found)
2026-06-16	MongoDB	https://boards-api.greenhouse.io/v1/boards/mongodb/jobs	(board scan — cloud+unicorns segment)	api_403; no_new (via web search: SWE Intern AMER confirmed same program as dedup_019; grad window Fall 2026/Spring 2027/early Summer 2027 — George Jun 2028 still eligible per dedup_019 looser bar; no new distinct roles)
2026-06-16	Snowflake	https://boards-api.greenhouse.io/v1/boards/snowflake/jobs	(board scan — cloud+unicorns segment)	api_403; no_new (via web search: Data Engineering Intern Menlo Park + Data Science Intern SF + SWE Intern Fall 2026 all consistent with dedup_053/108/109; no new US Summer 2026 listing distinct from tracked reports)
2026-06-16	Elastic	https://boards-api.greenhouse.io/v1/boards/elastic/jobs	(board scan — cloud+unicorns segment)	api_403; no_interns (via web search: no Elastic-specific Summer 2026 intern posting found; pattern unchanged)
2026-06-16	Confluent	https://boards-api.greenhouse.io/v1/boards/confluent/jobs	(board scan — cloud+unicorns segment)	api_403; no_match_grad (via web search: 2026 SWE Intern Austin/Toronto/Remote-UK confirmed grad window Dec 2026-Aug 2027; George Jun 2028 ineligible; pattern unchanged)
2026-06-16	HashiCorp	https://boards-api.greenhouse.io/v1/boards/hashicorp/jobs	(board scan — cloud+unicorns segment)	api_403; no_interns (via web search: only stale SF listing found requiring Dec 2024-May 2026 grad, IBM-absorbed; no active 2026 summer program; pattern unchanged)
2026-06-16	Grafana Labs	https://boards-api.greenhouse.io/v1/boards/grafanalabs/jobs	(board scan — cloud+unicorns segment)	api_403; no_interns (via web search: no specific Summer 2026 intern listing found; pattern unchanged)
2026-06-16	DigitalOcean	https://boards-api.greenhouse.io/v1/boards/digitalocean/jobs	(board scan — cloud+unicorns segment)	api_403; dedup_056/133 (via web search: new builtin listing 8329813 confirmed same generic "Engineering Intern" program — remote w/ 5 hub cities, grad 2027 or 2028, $45-54/hr, Jun 8-Aug 14 — identical parameters to existing reports; no new distinct role)
2026-06-16	PagerDuty	https://boards-api.greenhouse.io/v1/boards/pagerduty/jobs	(board scan — cloud+unicorns segment)	api_403; no_interns (via web search: only CAP non-technical accelerator program found; no SWE/DS/ML Summer 2026 intern listing; pattern unchanged)
2026-06-16	Figma	https://boards-api.greenhouse.io/v1/boards/figma/jobs	(board scan — cloud+unicorns segment)	api_403; dedup_010 (via web search: SWE Intern 2026 SF/NYC $60/hr confirmed same role as existing report; no grad-year detail surfaced but treated as unchanged per dedup_010 risk note)
2026-06-16	Notion	https://boards-api.greenhouse.io/v1/boards/notion/jobs	(board scan — cloud+unicorns segment)	api_403; no_match_grad (via web search: SWE Intern 23ac2477 = dedup_002/003; DS Intern 7054740 = dedup_115; AI SWE Intern 6846110 = dedup_003; all require grad before Jul 2027, George Jun 2028 ineligible; pattern unchanged)
2026-06-16	Canva	https://boards-api.greenhouse.io/v1/boards/canva/jobs	(board scan — cloud+unicorns segment)	api_403; no_match_geo (via web search: 2026/2027 program confirmed Australia/NZ + Manila/Wuhan only; no US Summer 2026 listing found; pattern unchanged)
2026-06-16	Airtable	https://boards-api.greenhouse.io/v1/boards/airtable/jobs	(board scan — cloud+unicorns segment)	api_403; no_interns (via web search: only "Software Engineer, New Grad (2026)" found, requires prior internship + 2026 grad + completed degree; not an internship; deadline already passed Mar 6 2026; pattern unchanged)
2026-06-16	Asana	https://boards-api.greenhouse.io/v1/boards/asana/jobs	(board scan — cloud+unicorns segment)	api_403; no_match_grad (via web search: NEW SF-based postings found this cycle — SWE Intern Summer 2026 + Data Science Intern Summer 2026 (grad window confirmed Dec 2026-Jul 2027) + Product Design Intern; all narrowly scoped to near-term 2026/2027 grads, George Jun 2028 ineligible; note: prior scan note "Warsaw/Reykjavik only" referred to a different international posting — these SF roles fail on grad-timing, not geo)
2026-06-16	Dropbox	https://boards-api.greenhouse.io/v1/boards/dropbox/jobs	(board scan — cloud+unicorns segment)	api_403; dedup_095/130 (via web search: SWE Intern Summer 2026 remote-US confirmed grad window Fall/Winter 2027 or Spring 2028 — matches dedup_095 exactly; no new distinct role)
2026-06-16	Rippling	https://boards-api.greenhouse.io/v1/boards/rippling/jobs	(board scan — cloud+unicorns segment)	api_403; no_new (via web search: dedup_027/111/112 confirmed active; NEW "Machine Learning Engineer Intern Summer 2026" found = no_match_degree (requires enrolled M.Sc./Ph.D. with 1+ semester remaining, undergrad George ineligible) — distinct posting from dedup_111 which had no such restriction)
2026-06-16	Navan	https://boards-api.greenhouse.io/v1/boards/navan/jobs	(board scan — cloud+unicorns segment)	api_403; no_interns (via web search: no Summer 2026 SWE/DS intern listing found, only New College Grad backend role surfaced; pattern unchanged)
2026-06-16	Flexport	https://boards-api.greenhouse.io/v1/boards/flexport/jobs	(board scan — cloud+unicorns segment)	api_403; no_match_grad (via web search: SWE Intern program found requires "graduate within 1 year of internship" — George Jun 2028 ineligible; no current Summer 2026-dated posting confirmed active, likely stale listing; pattern unchanged from no_interns)
2026-06-16	Verkada	https://boards-api.greenhouse.io/v1/boards/verkada/jobs	(board scan — cloud+unicorns segment)	api_403; no_match_grad (via web search: Frontend 4840368007/Backend 4836993007/Mobile 7164930 intern postings confirmed grad-by-June-2027 requirement, San Mateo on-site $65/hr; same blocker as previously logged Fall 2026 postings 5099422007/5099529007/5099596007/5117760007; pattern unchanged)
2026-06-16	Samsara	https://boards-api.greenhouse.io/v1/boards/samsara/jobs	(board scan — cloud+unicorns segment)	api_403; dedup_136 (via web search: SWE Intern SF/London confirmed grad window Spring/Summer/Fall 2027 or Winter 2028 — matches dedup_136's "Winter 2028 OK" track exactly; no new distinct role)
2026-06-16	Whatnot	https://boards-api.greenhouse.io/v1/boards/whatnot/jobs	(board scan — cloud+unicorns segment)	api_403; no_match_grad (via web search: DS Intern 8487050 confirmed grad window Dec 2026-Summer 2027 = no_match_grad; SWE Intern 8250532f = dedup_007; pattern unchanged)
2026-06-16	Etsy	https://boards-api.greenhouse.io/v1/boards/etsy/jobs	(board scan — cloud+unicorns segment)	api_403; no_match_grad (via web search: SWE Intern 2026 Brooklyn confirmed "final-year... graduating mid-2027" requirement, ~$24-33/hr; matches dedup_032; pattern unchanged)
2026-06-16	Deel	https://boards-api.greenhouse.io/v1/boards/deel/jobs	(board scan — cloud+unicorns segment)	api_403; no_interns (via web search: no Deel-specific Summer 2026 intern listing found across job boards; pattern unchanged)
2026-06-16	Webflow	https://boards-api.greenhouse.io/v1/boards/webflow/jobs	(board scan — cloud+unicorns segment)	api_403; no_intern_program (via web search: no Webflow-specific Summer 2026 SWE intern listing found, only unrelated web-design internships at other companies; pattern unchanged)
